ID;date;distforest;disturban;distwetland;x93;y93;hedgerowlength;edgetype
HA10001;20150921;368.1246673;95.85924932;511.8698315;3.763657273;67.44073966;5283.523084;edge
HA1001;20150921;336.1453737;423.4455426;1217.77901;3.756105419;67.43276031;3199.346603;edge
HA2001;20150922;1018.156987;580.9076791;1015.981048;3.56300218;67.25842556;3735.422708;edge
HA2002;20151006;68.20715034;579.2071944;1046.846008;3.522132598;68.25845527;6407.512538;edge
HA252;20151006;53.65039291;451.4685664;914.3036467;3.520985454;68.25646996;6799.901016;edge
HA501;20150922;734.7014528;736.7123407;593.2523504;3.570614677;67.24678259;3683.067962;edge
HA6001;20150921;843.2125234;172.3983519;185.6216696;3.778931088;67.39485331;4926.552232;edge
HA7001;20150921;204.8693347;98.89936494;946.0025687;3.758258615;67.44028306;4189.160985;edge
HA7002;20150922;162.0186364;666.0187038;172.3020052;3.572011153;67.23976047;2914.056059;edge
HA7003;20151006;722.8730517;282.4123269;941.3612856;3.514026988;68.25786362;6698.754514;edge
HA8001;20150921;436.0695529;152.5873582;472.7826952;3.742165602;67.43889535;4720.663362;edge
HA9002;20151006;399.6890389;152.917546;905.411429;3.534747898;68.26527897;8505.311386;edge
HB10004;20150930;819.8381806;160.7986444;645.2368953;2.604100788;68.22130702;6662.994042;edge
HB10005;20151001;661.8545435;203.3676147;828.9994566;2.356693975;68.40523304;2741.974692;edge
HB10007;20151008;1684.922106;309.5748103;106.7735651;3.973203543;66.66630198;4442.879008;edge
HB1003;20150908;184.8533796;304.3579084;444.795691;4.137065722;66.8338682;1774.452727;edge
HB1005;20150929;378.0288409;91.09695195;291.9700999;3.052017908;67.94833763;2646.948484;edge
HB1006;20150930;687.9131733;297.5791381;847.9103547;2.613848228;68.22338109;3773.094615;edge
HB1007;20151001;432.8193395;211.920707;341.546672;2.341524717;68.39177464;4197.824726;edge
HB2001;20150907;1571.930668;373.241494;806.9319325;4.039055661;66.94014831;2428.555573;edge
HB2002;20150908;143.5689602;344.0772197;340.986803;4.139066845;66.83415408;2803.181832;edge
HB2005;20150923;895.8742964;358.1611382;203.8545936;2.699499478;67.82254783;3901.59583;edge
HB2006;20150929;362.8786556;149.3673898;1509.578733;2.833731796;67.94112936;3421.3325;edge
HB2007;20150930;411.6047523;205.8503552;817.5259453;2.612247485;68.22072195;4089.387172;edge
HB254;20150929;499.0980343;376.4426974;1568.732102;2.834553532;67.93872988;4894.38146;edge
HB255;20151001;411.0775959;175.9177162;775.4806798;2.36165562;68.36478059;1624.696542;edge
HB3001;20150907;1604.322423;319.3330007;188.2596802;4.04474429;66.93754727;3576.492512;edge
HB3002;20150908;1856.8772;156.7720357;517.7183765;4.043426693;66.9418762;3105.794621;edge
HB3003;20150908;605.3377601;449.4765413;220.3848517;4.054523147;66.93377391;3105.083422;edge
HB3005;20150929;467.644945;154.586144;1359.351252;2.832443313;67.93778982;4294.1043;edge
HB3006;20151001;616.4113413;298.1973165;295.1037446;2.339684027;68.38997011;4307.209578;edge
HB3007;20151005;103.8175854;240.281168;1644.409681;2.938466235;68.3950657;3959.425008;edge
HB3008;20151008;965.6403633;184.9422385;442.6051157;3.96565507;66.66746227;5711.654353;edge
HB4001;20150907;610.6964641;579.5915316;464.3366688;4.043055993;66.91990703;1415.971926;edge
HB4003;20150912;583.4179544;151.4580328;160.4621783;4.2293318;66.77432914;4152.222706;edge
HB4004;20150929;863.6041717;136.5949221;266.0793299;3.048928178;67.95314314;3498.56947;edge
HB4005;20150930;223.6324347;409.8474147;903.490667;2.621015415;68.22993197;4636.735486;edge
HB4008;20151008;748.9335012;56.42331519;261.2561907;3.964452048;66.6696711;6321.11112;edge
HB5001;20150907;1643.006759;224.5411829;193.8008872;4.04700145;66.94745756;3862.814336;edge
HB5003;20150918;774.7838531;389.3099845;926.9539778;3.814241711;67.19383389;4290.611846;edge
HB5005;20150930;623.5152093;297.4815054;865.782696;2.618619231;68.22593176;4363.625523;edge
HB5006;20150930;335.7433997;269.1146664;689.5507003;2.617445791;68.21759278;4292.875628;edge
HB5007;20151001;747.6464112;243.352784;466.7179556;2.359967773;68.39558421;1966.578595;edge
HB501;20150907;1686.857645;413.472709;299.8544115;4.044363829;66.93947519;3102.64826;edge
HB502;20150912;890.0737647;433.7522048;160.5136836;4.230779981;66.77804928;4892.814544;edge
HB505;20150923;245.0525185;960.4479759;538.9989536;2.724256758;67.8316461;1958.056424;edge
HB506;20150929;508.9120579;398.1062868;71.7373681;3.049204282;67.94956695;3267.768343;edge
HB507;20150930;218.1738731;398.3526343;477.3102353;2.616888653;68.23109226;3680.858465;edge
HB508;20151001;897.9107434;507.6875242;454.8104914;2.354813841;68.39549546;2436.761144;edge
HB6006;20151001;1013.605115;281.6596405;846.5850268;2.359231497;68.39942336;2857.165426;edge
HB6007;20151005;308.4580927;135.3514585;906.3192069;2.931405874;68.39275169;5704.228029;edge
HB7001;20150907;1505.763223;254.2536135;496.7962128;4.036381457;66.94402609;3335.877429;edge
HB7002;20150923;292.8440328;208.3693453;600.5737507;2.732336073;67.82590709;6374.187048;edge
HB7003;20150923;898.8759543;282.2058898;261.6961097;2.693030767;67.81749908;3136.183562;edge
HB7005;20150930;476.1271209;276.155396;1199.271827;2.62366798;68.2283378;5253.504589;edge
HB7006;20151005;156.5260612;270.7745052;1053.304613;2.935340349;68.40170533;3136.164486;edge
HB8004;20150929;83.13081869;247.4274941;1401.841053;2.83961543;67.93051909;2841.778094;edge
HB8005;20151001;137.2398828;148.8109395;815.5241107;2.34947584;68.40111779;2571.163053;edge
HB8006;20151005;153.9424244;195.4516267;1153.442561;2.933292581;68.38342333;4519.626264;edge
HB9001;20150908;1098.640123;148.8470514;621.9327735;4.056001421;66.94763507;1899.786252;edge
HB9003;20150923;652.9629103;192.9594217;11.40667614;2.694306102;67.813844;3465.997355;edge
HB9004;20150930;446.3015996;112.4389256;531.2680193;2.606421372;68.23042501;4685.724141;edge
HB9005;20151001;383.6233006;106.9004911;437.4183835;2.343802571;68.399969;3145.525351;edge
HC10002;20150924;389.3049985;548.4176506;141.4673539;2.720291057;67.78031715;2103.8809;edge
HC10003;20150925;689.9917382;182.8272636;625.0232928;2.731522553;67.71739842;6238.60612;edge
HC10006;20150927;1444.101671;380.521901;210.5305342;2.603924937;68.04725664;3507.295893;edge
HC10007;20150927;525.3116583;167.9175976;787.4113048;2.607468265;68.00041108;4392.579092;edge
HC10008;20150928;487.0031783;581.2837325;332.9403899;2.737983047;67.96946776;5219.829986;edge
HC1001;20150909;115.975608;529.7480017;684.4058095;4.108944674;66.86492323;1306.805922;edge
HC10010;20151004;357.422374;477.4702537;1157.859955;2.995932741;68.27265735;2050.548263;edge
HC1003;20150912;1196.384927;91.62126597;469.9124702;4.229538683;66.78304456;2654.697874;edge
HC1004;20150913;697.3411951;208.7882756;527.1502799;4.309613153;66.84862072;4055.361749;edge
HC1006;20150917;1404.320696;375.8754338;247.6467953;3.82944614;67.15446308;1672.219189;edge
HC1009;20150927;799.0516947;325.8710428;220.4251679;2.616145803;68.04743742;3948.196714;edge
HC2002;20150912;1296.88176;156.844932;630.7140377;4.231814397;66.78273612;2820.215248;edge
HC2005;20150916;1575.30994;673.7524986;639.3162943;3.767247412;67.09888877;2753.102864;edge
HC2007;20150917;2361.987349;662.0223954;188.1491439;3.840359844;67.14753346;861.4903717;edge
HC253;20150925;962.0932109;555.7927591;270.2611449;2.706403709;67.77539987;1750.212704;edge
HC254;20150926;340.359844;508.0836685;423.7432177;2.594070671;67.99589481;2878.621042;edge
HC255;20150926;845.26237;436.9947042;208.1515088;2.589153399;67.99472959;3409.764907;edge
HC3006;20150916;1733.290478;78.59404224;115.2207034;3.774201765;67.09748113;873.0963101;edge
HC3007;20150913;1250.008199;330.7214585;978.1325049;4.304038665;66.8475161;2263.901068;edge
HC3009;20151004;454.1616275;250.8760907;1426.360151;2.994940083;68.27522445;1733.427096;edge
HC40010;20150927;316.2527177;157.5371192;245.1865447;2.615997891;68.0426089;3932.162374;edge
HC4003;20150916;1274.001486;482.3574206;644.3662666;3.766730464;67.09557751;2506.611306;edge
HC4004;20150916;1447.269584;524.4180942;803.3310149;3.764977031;67.09866523;2918.99072;edge
HC5002;20150913;1405.939321;205.6372131;1053.876863;4.301788514;66.84653164;3142.683654;edge
HC5004;20150917;2516.882906;533.380933;633.040764;3.842898019;67.15293659;1675.763454;edge
HC5005;20150926;423.5045405;219.7907233;120.4706721;2.600937102;68.00192472;3079.532647;edge
HC5006;20150928;297.8640558;105.633852;315.4949016;2.746673733;67.94471706;5956.835969;edge
HC5007;20151004;394.8378194;201.5706415;872.9922343;3.002608529;68.27228921;1547.877304;edge
HC505;20150926;1055.566108;281.2590214;265.5168062;2.565632011;67.99273441;3193.578697;edge
HC506;20150927;650.0771276;492.8351106;397.6407519;2.569042218;67.99015087;3051.646084;edge
HC507;20150928;390.1701982;232.6040311;247.0252165;2.749145517;67.94922346;2711.614259;edge
HC508;20150928;270.0852157;448.0000406;518.6601526;2.744244679;67.95275693;2362.224489;edge
HC6005;20150928;603.3062935;446.7714667;8.249018879;2.752938653;67.94500631;4570.326834;edge
HC6006;20150928;176.85878;102.0227843;662.5973472;2.749283568;67.95676043;1619.901577;edge
HC7002;20150916;1177.942504;89.48643145;522.0178252;3.767869147;67.11150511;583.2706155;edge
HC7006;20150927;898.4045966;444.872727;102.6752697;2.585771132;67.9903826;3135.000609;edge
HC8001;20150913;1047.623713;149.3306887;1001.67123;4.300085256;66.84322863;4904.237007;edge
HC8003;20150924;728.9493177;37.5080317;676.3323237;2.677948614;67.76656456;4518.803208;edge
HC8004;20150924;727.2914063;122.280856;42.99161947;2.694942127;67.75590828;4494.117531;edge
HC8008;20151004;844.3207266;202.0406441;480.3960972;3.0062669;68.26849936;753.710523;edge
HC9001;20150909;521.3589605;163.2849624;987.9714805;4.119529563;66.87021568;3537.033561;edge
HC9003;20150917;2530.56619;320.6536207;318.2832084;3.839728658;67.1595842;2028.943078;edge
HC9004;20150924;589.2062872;218.6417179;423.7885698;2.675036379;67.76523663;5871.737447;edge
HC9005;20150925;206.7493485;574.0421003;82.36899578;2.718111812;67.78238135;2103.572983;edge
HC9006;20150926;165.9641045;186.2180803;176.7722957;2.574013724;67.98273224;3148.691819;edge
HC9007;20150927;540.8437198;378.5917597;264.3710406;2.585807288;67.98616545;3542.611145;edge
HC9009;20151004;286.1226165;127.1998093;25.71377346;3.001964288;68.26142914;1885.986652;edge
HB10006;20151005;579.2904126;311.1458688;381.2210945;2.926242081;68.39080581;5414.376209;edge
HC3002;20150913;568.9922656;317.3355529;340.5599496;4.311725758;66.84795729;5620.161306;edge
HC4007;20150917;1679.415801;134.8502914;132.7655933;3.831030821;67.15853669;3494.431521;edge
HC7003;20150916;1381.292856;264.9345703;551.5493869;3.762392289;67.09889576;2790.656042;edge
HB6001;20150907;568.8539296;514.7512131;577.560601;4.041936558;66.92169959;1303.869274;edge
HA8003;20151006;553.1506583;190.9928717;170.1566438;3.523348768;68.24896257;4791.9808;edge
HB1002;20150908;492.8094796;563.6295975;393.7037117;4.056080412;66.93247243;4079.765076;edge
HB253;20150921;433.6554747;505.2716705;435.7202174;3.780240463;67.40146062;3837.787258;edge
HB503;20150918;721.6420356;542.5885888;350.9016955;3.805884088;67.19639892;3608.020761;edge
HC10004;20150926;628.092663;56.0729339;656.5400245;2.606301399;68.00237174;3692.73418;edge
HC1007;20150924;794.6520246;583.8491882;1017.375317;2.684746019;67.76281416;2617.529301;edge
HC251;20150924;460.1944127;416.2711932;627.0103281;2.686598213;67.76673877;1672.975273;edge
HC8006;20150927;1723.020469;75.78104924;101.4090936;2.615951874;68.05667703;3861.998176;edge
HA251;20151006;320.7301341;157.0179261;272.3801768;3.525961891;68.26734482;8576.887073;edge
HB7004;20150929;918.8387249;294.4637642;185.8459495;2.818204261;67.9404391;3347.964719;edge
HB8003;20150921;1069.847151;189.7228618;412.0550111;3.777541135;67.39296199;3894.131023;edge
HC1008;20150925;135.9339536;435.1196716;371.382491;2.738260793;67.72533311;3657.584699;edge
HC2001;20150909;155.6701612;460.3871749;885.1166182;4.110908182;66.86613444;798.9980173;edge
HC3008;20150925;100.5862912;439.1321589;248.9870127;2.741419549;67.73020765;2350.67567;edge
HA4002;20151006;479.491557;100.8550681;688.3131291;3.519986222;68.26284992;8366.593699;edge
HA502;20151006;478.2783658;238.3604103;487.5654142;3.524440034;68.26425673;7780.827219;edge
HC10005;20150926;427.0996822;138.7546841;158.751535;2.554541854;68.01446442;4530.47423;edge
HC10009;20151004;334.2809468;124.4586122;228.8353664;2.984441576;68.26283924;1786.17947;edge
HC2009;20150927;581.0827254;319.5918455;305.6948557;2.571301993;67.99025113;2806.907497;edge
HB4002;20150908;635.9973057;259.0330046;268.203965;4.05647161;66.94005187;2861.679552;edge
HC504;20150925;119.8513435;498.7630067;349.5481591;2.739996301;67.72681223;2406.906433;edge
HC4009;20150925;124.6794085;441.6353087;853.6992157;2.746031135;67.7261154;2614.1674;edge
HA6003;20151006;527.7718968;125.6887929;636.6840739;3.529331011;68.25380096;6496.296681;edge
HC8005;20150925;131.7735958;401.9963258;1053.377101;2.7515795;67.731151;1335.992799;edge
HA10002;20150922;1247.288443;603.3186962;163.1278212;3.576331146;67.25379903;3720.471217;edge
HA9001;20150921;341.9377483;68.57745888;704.4660801;3.760375999;67.44145143;4523.513971;edge
HB1004;20150923;687.0636297;349.5136719;559.5036519;2.695397369;67.82899682;3106.099661;edge
HB2004;20150918;339.0513191;364.6116992;774.739885;3.862883349;67.25607513;1397.900855;edge
HB5002;20150908;125.1043979;72.29633792;572.8073573;4.140029792;66.83736641;3142.93265;edge
HB5004;20150923;601.2568107;380.3526119;525.0359686;2.691742284;67.82488814;3326.689687;edge
HB6004;20150918;529.2109618;217.9794005;837.0802257;3.804532185;67.20159166;5181.023531;edge
HB6005;20150923;267.9915953;243.3904541;450.8966515;2.731580075;67.83042336;5281.098813;edge
HB9002;20150918;872.8609042;248.775633;544.2901823;3.866903245;67.26127235;4318.227283;edge
HB9007;20151008;954.2442341;141.8921635;7.60341854;3.967714342;66.67345109;5480.756502;edge
HC1005;20150913;1113.306618;398.2872389;1005.760063;4.304611595;66.85096387;3698.684857;edge
HC3004;20150916;1019.812481;306.4442821;363.8053975;3.771466829;67.10899022;604.8883834;edge
HC502;20150917;1580.869236;175.2303438;140.0784349;3.831353128;67.15372446;1687.393439;edge
HC6003;20150917;1936.111956;310.9304179;630.7977988;3.848010181;67.14969113;1345.571544;edge
HB6003;20150912;513.4476618;283.9967612;32.98172628;4.225912587;66.77722927;5970.132799;edge
HC503;20150925;99.36892793;679.1400213;538.5025318;2.744469835;67.73087161;2462.513032;edge
HA5002;20150922;679.1645614;355.5748045;663.8761306;3.561514876;67.26163859;2739.25549;edge
HA8002;20150922;391.0594709;175.971122;433.046185;3.562343679;67.26468132;1272.085869;edge
HC7005;20150924;1447.295396;63.02801467;34.34639978;2.686494674;67.75312752;2981.94349;edge
HC8002;20150917;2699.65387;172.4863963;361.209333;3.842177303;67.15685353;2065.024675;edge
HA6002;20150922;1076.78323;628.712793;466.7989889;3.572255253;67.25147157;4450.950338;edge
HC4002;20150913;1131.520868;184.6070177;1049.280003;4.300852193;66.8539681;4383.500584;edge
HA3001;20150922;740.4003187;466.9857218;272.8602925;3.568275864;67.24440404;3634.746943;edge
HB10002;20150923;248.5140998;171.6838346;735.3068231;2.735761071;67.82866155;6131.581272;edge
HB251;20150907;944.563892;456.6072512;176.2130713;4.04649112;66.91838702;1745.842952;edge
HB8001;20150918;466.1309653;192.8733481;407.9390247;3.885068878;67.24761902;6008.06087;edge
HC2006;20150916;1486.651762;509.5451002;438.1273403;3.769336163;67.09611541;2219.454013;edge
HC4001;20150912;1276.634429;319.4674343;1261.817477;4.303621622;66.85661311;5137.821522;edge
HC6001;20150912;1270.700131;188.7248935;1213.500973;4.303832266;66.85862176;5919.275724;edge
HC6002;20150916;1056.555427;299.3414313;658.4936044;3.765389192;67.09386599;2493.53571;edge
HB2003;20150912;734.2858873;271.1503662;9.356295636;4.230193186;66.77612338;4371.153469;edge
HC9002;20150916;947.5552067;318.98873;401.3514601;3.767862161;67.11381042;937.19896;edge
HA4001;20150922;894.1790206;560.8871756;861.9178547;3.56093585;67.25947008;4184.612882;edge
HC5001;20150909;167.4056566;420.7228894;971.8819961;4.116023835;66.86822207;3143.32871;edge
HC10001;20150924;595.6434843;9.969279587;29.81198273;2.697670292;67.75715075;4715.72868;edge
HB10003;20150929;797.8043974;233.9627428;1.616931355;2.815591138;67.9390027;4568.545084;edge
HB6008;20151008;983.4335642;169.4923627;379.4765782;3.956984105;66.66318924;4772.521446;edge
HC3005;20150916;1285.217157;452.4320341;398.7879107;3.768651556;67.09394982;1978.624405;edge
HC5003;20150916;1316.65245;297.7095841;360.3971375;3.768974003;67.10735228;1062.649553;edge
HB4007;20151005;142.2040853;339.7776578;1197.719654;2.934022283;68.38816311;5811.109858;edge
HB257;20151008;878.8628975;177.8993727;490.3714647;3.962926905;66.66589933;5273.904916;edge
HB5008;20151005;282.3232017;103.1103324;1328.408643;2.942305388;68.40133719;4731.048578;edge
HB504;20150918;316.3573999;617.2257719;658.4782746;3.814859468;67.19857898;2225.487819;edge
HC1002;20150909;134.6441721;287.0035132;881.4916454;4.112867928;66.86436465;1979.350813;edge
HC20010;20151004;200.9498267;6.715727895;1051.063599;2.990387662;68.2710073;1243.294708;edge
HC2003;20150912;1285.942283;349.0686894;1214.676645;4.302914458;66.85350235;4542.92837;edge
HC2008;20150926;748.3181198;612.1921996;339.3524534;2.590448456;67.99327676;3557.028003;edge
HC252;20150924;825.2931994;540.1228031;701.389638;2.687722349;67.75995616;2426.873295;edge
HC501;20150916;1595.236587;130.0499454;316.4968995;3.773267416;67.09941794;838.2600748;edge
HC509;20151004;167.6168145;198.3422985;1076.953861;2.99161698;68.26927836;1055.04666;edge
HC7004;20150913;987.5596243;162.2038145;763.864677;4.298198133;66.85239589;3701.666032;edge
HC9008;20150928;785.9842207;346.9318427;138.638823;2.755278959;67.95527473;3858.383858;edge
HB1008;20151008;1487.483084;375.026987;210.1452602;3.963262173;66.65918245;5818.848133;edge
HC4006;20150917;2165.191514;416.5364426;184.1275907;3.836852507;67.14725816;820.4281559;edge
HB3004;20150918;511.5670462;412.8240839;514.6598383;3.804406843;67.19836858;3824.297164;edge
HC6004;20150926;590.3747344;152.3740929;3.07880343;2.560386044;67.993921;2227.584722;edge
HB9006;20151005;275.6746463;137.977465;572.9247098;2.927635746;68.39375092;6177.675847;edge
HB10001;20150918;695.0201332;417.194815;1071.616394;3.804747057;67.20559365;5592.198037;edge
HC3003;20150913;1277.744234;324.2656825;1252.978065;4.302743656;66.85483385;4796.272173;edge
HA5001;20150921;523.0478827;288.4769162;388.6867062;3.744855978;67.43880806;5084.518729;edge
HC6007;20151004;343.935745;102.9853218;766.8293777;2.987574036;68.27729851;708.8249091;edge
HB6002;20150908;123.6115642;375.2534257;4.761015873;4.142775694;66.83169405;4107.809972;edge
HB7007;20151008;582.6319437;144.7692222;16.78884332;3.963553068;66.67248801;7009.520693;edge
HC8007;20150928;288.272815;171.7550935;329.0783523;2.732513568;67.9607705;4944.964497;edge
HC7007;20150928;303.0108385;255.8266583;651.1896208;2.733473356;67.95613591;6546.341259;edge
HB509;20151005;156.9208271;225.02908;1396.102755;2.93637738;68.39017636;5434.887224;edge
HB1001;20150907;1476.195937;314.7199921;83.78746445;4.048645848;66.94343528;3863.591348;edge
HB256;20151008;1123.861182;270.3517286;446.7615187;3.962874313;66.66299695;5408.041143;edge
EA1001;20150922;746.6992139;693.6512609;446.5317498;3.559227153;67.24598501;4008.64818;openarea
EA251;20150921;306.6406713;430.9506929;404.3903676;3.749668214;67.43960263;3245.326806;openarea
EA252;20150922;1403.841754;768.24739;594.4993756;3.564866986;67.2531831;4626.891605;openarea
EA253;20151006;204.1437068;384.0807522;1041.903492;3.526431924;68.2589894;6402.244894;openarea
EA254;20151006;136.0726551;395.4171817;756.1407162;3.525532944;68.25615934;6235.983957;openarea
EA501;20150921;238.7611107;481.2940632;1304.502996;3.756593358;67.43361084;3074.272869;openarea
EA502;20150922;705.4564457;732.6550651;565.3060271;3.570538041;67.24634832;3647.949392;openarea
EA503;20151006;513.9272257;204.5884032;455.510779;3.52462739;68.26460679;7863.084625;openarea
EB1001;20150907;1484.060352;191.1270471;714.3813733;4.039342836;66.93822223;2240.862291;openarea
EB1002;20150908;560.6725623;529.4464087;449.3911869;4.055696738;66.93175398;3815.355605;openarea
EB1003;20150924;1053.500039;345.3568703;181.9903603;2.696659556;67.82525956;3882.298434;openarea
EB1004;20150929;252.7638308;318.6883147;842.9241499;2.948202992;67.94472856;2717.707491;openarea
EB1005;20151005;115.9896213;484.1049416;1765.722799;2.943871618;68.39720714;3607.400299;openarea
EB2001;20150907;1247.603215;521.7573087;173.3414675;4.049287877;66.92122585;971.4025337;openarea
EB2002;20150908;955.9108193;213.2033138;491.0794728;4.052266241;66.92979047;1597.568196;openarea
EB2003;20150918;255.2544772;412.6576509;830.3625531;3.868228289;67.25281176;2547.805331;openarea
EB2005;20150930;472.4844616;186.4878502;873.317204;2.61398628;68.22120349;4117.094655;openarea
EB2006;20151001;898.8101539;444.4633759;426.5543356;2.348115044;68.3897696;2015.152064;openarea
EB2007;20151005;179.0649113;224.9915189;1415.703708;2.936309998;68.39422917;4300.809825;openarea
EB251;20150907;480.6123467;411.5800139;34.63395922;4.056028262;66.93633272;3388.34393;openarea
EB252;20150909;1464.467979;405.5360087;448.895619;4.234330847;66.78270979;3787.46823;openarea
EB253;20150918;785.7844796;596.4652935;850.7866445;3.873497128;67.25162101;3214.150301;openarea
EB254;20150923;195.1128876;645.2850639;374.4072524;2.727076958;67.83749687;4235.886731;openarea
EB255;20150929;210.2358862;423.7978246;967.2863172;2.948561269;67.94729402;2767.552806;openarea
EB256;20150930;681.2997399;407.568066;515.5505057;2.614328122;68.22701481;3614.474688;openarea
EB257;20151001;271.4400664;521.2493952;610.2581004;2.359588131;68.37641474;3324.098191;openarea
EB258;20151008;1144.605335;288.693108;421.2061006;3.962818435;66.66273646;5432.026604;openarea
EB259;20151008;899.2805734;202.2762261;505.2103442;3.963203008;66.66585084;5467.912724;openarea
EB501;20150912;1273.863918;233.9024587;321.222722;4.234864981;66.77882415;5343.572379;openarea
EB502;20150918;221.5240274;550.1640797;750.8935482;3.862261115;67.25422857;1361.310984;openarea
EB503;20150930;226.9180046;416.1467655;501.0212697;2.617062862;68.23069126;3536.740563;openarea
EB504;20151001;886.3652021;451.2048511;517.5234216;2.352245093;68.39414782;2779.989099;openarea
EB505;20151005;160.5789311;216.0613526;1379.074296;2.936231111;68.39053793;5525.19169;openarea
EB506;20151008;1683.440885;387.130673;68.07189257;3.962138037;66.65643539;5280.703774;openarea
EC1001;20150908;134.040138;448.9261203;767.4319244;4.109016142;66.8657959;1106.209865;openarea
EC1002;20150909;535.4184295;494.7141231;532.775636;4.129685639;66.84361992;1092.081067;openarea
EC1003;20150912;635.7045023;304.2769301;485.0324472;4.309839398;66.84955652;4310.048298;openarea
EC1004;20150913;1162.927709;373.9572838;1039.866231;4.304254005;66.84994051;3311.593384;openarea
EC1005;20150917;1582.390804;386.024973;281.1495265;3.770970753;67.09581759;1531.776644;openarea
EC1006;20150913;1139.943121;453.4540852;1072.167854;4.304372517;66.8534234;4206.355493;openarea
EC1007;20150927;171.3614793;561.4136147;255.1092888;2.562184004;68.00792011;2407.381449;openarea
EC1008;20151004;259.1998834;497.9160616;1121.843056;2.995396969;68.27180603;1982.788128;openarea
EC2001;20150912;464.3049105;452.3388304;474.7218155;4.311874375;66.8551734;3083.142085;openarea
EC2002;20150917;2179.993005;493.4588645;408.6011656;3.842639501;67.14760173;1162.18851;openarea
EC2003;20150923;223.6832337;414.5897464;416.0509847;2.716499565;67.83440714;1795.909116;openarea
EC2004;20150925;396.5517282;145.7146128;646.0895381;2.688874423;67.76428342;2214.78853;openarea
EC2005;20150927;278.7912411;482.9386083;341.4860504;2.597449652;67.99933789;3101.562968;openarea
EC2006;20150928;159.3171061;534.5088509;705.1668242;2.740395665;67.95704968;3701.74245;openarea
EC2007;20150929;475.2982142;798.0574043;378.1617071;2.925457323;67.91382633;1444.355599;openarea
EC2008;20151004;383.1552588;512.3675399;775.4745738;2.998427533;68.26972868;1567.827361;openarea
EC252;20150924;761.457269;525.958265;956.9014202;2.685575973;67.76233755;2402.450668;openarea
EC253;20150926;592.0937178;483.5729373;483.0330705;2.592611267;67.99220029;2994.597338;openarea
EC3001;20150924;350.0488976;506.0783967;768.1757625;2.720687134;67.83639245;2489.678928;openarea
EC3002;20150925;697.0576909;529.3667082;633.1271703;2.709338952;67.77277689;1083.324527;openarea
EC3003;20150926;639.5890598;480.858655;543.5985069;2.62491209;68.00722492;3390.866445;openarea
EC3004;20150926;426.8789567;611.0368244;474.850471;2.563357444;68.00223533;2097.471135;openarea
EC3005;20150928;444.4389172;446.1339417;534.4147631;2.789213393;68.0024194;1677.7482;openarea
EC501;20150909;56.10712717;365.4665825;936.784427;4.112905544;66.8651508;1870.255294;openarea
EC502;20150916;1558.613043;159.9422727;343.1270537;3.773335527;67.09979518;839.390732;openarea
EC503;20150917;1181.030329;402.7212471;373.1435554;3.8259679;67.15767721;1626.383681;openarea
EC504;20150913;744.5897924;624.755035;685.0387921;4.308303174;66.85294898;3412.015212;openarea
EC505;20150925;134.926043;669.2245828;519.5387357;2.744259471;67.73057578;2752.821808;openarea
EC506;20150927;183.3843123;491.8792732;402.6052818;2.621598848;68.00309487;1533.881961;openarea
EC507;20150928;331.7858468;527.1345846;667.0950232;2.677259998;67.92005181;4565.400279;openarea
EC508;20151004;170.4011709;169.8233838;1102.941468;2.991705728;68.2697221;989.493485;openarea
TEA1001;20150922;668.9033596;696.7855847;549.9587353;3.559130649;67.24388461;3995.965447;openarea
TEA251;20150921;489.4312884;231.9209559;485.9146738;3.748396888;67.43774265;4233.018537;openarea
TEA252;20150922;1455.049451;306.7259315;512.9281038;3.569800066;67.25493721;5574.770478;openarea
TEA253;20151007;560.8592986;184.3770947;985.3949936;3.529917731;68.25748562;6981.28729;openarea
TEA254;20151006;401.3171028;34.37346195;456.1535367;3.52309403;68.25240236;5996.38852;openarea
TEA501;20150921;307.948752;421.0176427;1133.301072;3.754675178;67.43428903;3174.990425;openarea
TEA502;20150923;537.7791835;495.5620743;726.0129782;3.572862663;67.24587147;2519.763956;openarea
TEA503;20151006;723.5619068;171.3772169;989.8401929;3.531587499;68.25976841;7234.405014;openarea
TEB1001;20150907;1439.449325;185.0721516;343.6854062;4.042624316;66.93587727;3962.535355;openarea
TEB1002;20150908;328.070894;335.8975166;340.0738816;4.058961729;66.93170884;3339.565248;openarea
TEB1003;20150924;910.3528695;611.6670649;218.3927381;2.694598641;67.8235635;3776.266874;openarea
TEB1004;20150929;447.5506002;109.163254;639.559023;2.946096059;67.94470227;4335.810439;openarea
TEB1005;20151005;136.0443339;379.0332175;1674.792333;2.943980087;68.39170972;2942.364385;openarea
TEB2001;20150907;1238.691812;417.1587803;275.2296601;4.048585487;66.92330375;660.6834843;openarea
TEB2002;20150908;763.4768593;383.7834472;459.8676381;4.054244796;66.93026442;2646.511408;openarea
TEB2003;20150918;230.7782977;318.4019166;412.9399426;3.862180538;67.24979013;2484.994651;openarea
TEB2005;20150930;517.1874783;356.6501792;846.0290603;2.619182942;68.22698194;5006.629406;openarea
TEB2006;20151001;189.3460018;228.211328;392.5765237;2.388339051;68.37120164;2130.434725;openarea
TEB2007;20151005;184.2084899;278.935474;1845.238779;2.940895288;68.39210909;4005.532942;openarea
TEB251;20150907;123.2137795;229.1346053;360.5847252;4.059298767;66.9344359;2844.99241;openarea
TEB252;20150909;1320.741317;356.8315456;462.5569177;4.234161579;66.78071619;4472.765546;openarea
TEB253;20150918;865.1128309;488.2432607;766.4988635;3.874009687;67.25490453;2598.174402;openarea
TEB254;20150923;222.4146804;432.4725789;408.8753124;2.728155077;67.83943616;5089.645424;openarea
TEB255;20150929;124.5118862;380.5604858;945.8726738;2.94664991;67.95163279;6673.423429;openarea
TEB256;20150930;618.9813979;248.5777611;352.1264623;2.613312456;68.2283641;3284.684746;openarea
TEB257;20151001;294.4789847;501.2487072;1093.273479;2.36474535;68.37602524;3685.884535;openarea
TEB258;20151008;946.9689996;150.2160223;376.7692539;3.956708002;66.66358121;4748.772889;openarea
TEB259;20151008;759.8275648;125.1003781;318.9630833;3.963682902;66.66825935;6130.03585;openarea
TEB501;20150912;1397.278359;201.5732017;44.32650524;4.237298678;66.7760632;5416.437097;openarea
TEB502;20150918;633.9404653;259.089136;520.7997107;3.857715231;67.25355262;1950.71951;openarea
TEB503;20150930;55.44977887;318.1473504;600.8421035;2.618068667;68.23274067;3811.233322;openarea
TEB504;20151001;724.2919845;542.2453709;683.4761432;2.354759607;68.39789;2719.242051;openarea
TEB505;20151005;157.4570433;185.9998806;1727.82903;2.939728422;68.39067927;4176.599574;openarea
TEB506;20151008;1733.963565;183.8913121;58.21885147;3.974750051;66.66561911;4504.456224;openarea
TEC1001;20150908;177.9060571;363.2987333;939.4595624;4.11058093;66.86705601;655.3809499;openarea
TEC1002;20150909;453.4553685;503.7161368;447.1193453;4.129174074;66.84171659;1199.590316;openarea
TEC1003;20150912;926.1658298;83.04813248;673.3549454;4.307947358;66.84695826;2793.591979;openarea
TEC1004;20150913;991.8280266;313.0944382;843.2417494;4.306343084;66.84872658;2804.268385;openarea
TEC1005;20150917;1460.206963;413.4548605;156.5518335;3.771194578;67.09358829;1172.392459;openarea
TEC1006;20150913;1015.814202;405.2870911;990.9812715;4.305856864;66.85494218;4431.465957;openarea
TEC1007;20150927;160.0438469;659.5176248;281.1093792;2.563143792;68.00617145;2059.142404;openarea
TEC1008;20151004;374.8729664;135.8388357;1392.376192;2.993924417;68.27593772;1683.580941;openarea
TEC2001;20150912;684.2394184;479.6909733;693.9787918;4.310076373;66.85644103;2216.464222;openarea
TEC2002;20150917;2263.345209;568.8295076;215.030882;3.840736989;67.14630802;1024.051513;openarea
TEC2003;20150923;223.0205249;212.3720227;623.4475695;2.716578451;67.83649106;2365.896408;openarea
TEC2004;20150925;677.4678764;429.3765665;722.9238609;2.684358159;67.76779388;1763.708059;openarea
TEC2005;20150927;352.4482532;410.2180051;275.0852322;2.602015221;68.0003437;2776.173935;openarea
TEC2006;20150928;162.1742929;199.8850379;611.5948363;2.764922859;67.94197246;1726.83621;openarea
TEC2007;20150929;752.1052449;677.8683459;697.8001972;2.922229541;67.91318209;962.5800085;openarea
TEC2008;20151004;561.4588;154.5397142;666.2491213;3.000636361;68.28688654;2762.15107;openarea
TEC252;20150924;1022.283173;210.0097314;934.358488;2.680208389;67.76461212;4786.571167;openarea
TEC253;20150926;756.8937879;150.3746497;616.6719839;2.582300116;67.98475864;3565.673685;openarea
TEC3001;20150924;436.1769373;286.8652711;386.7326242;2.739015148;67.85308357;1533.960262;openarea
TEC3002;20150925;1085.730838;335.4643109;449.2627944;2.705604981;67.77131091;1352.568184;openarea
TEC3003;20150926;455.3130414;486.4562894;574.0825722;2.622239802;68.00578523;2258.164081;openarea
TEC3004;20150926;737.7531984;276.999105;276.4181647;2.563778173;67.99793601;2135.565827;openarea
TEC3005;20150928;403.011623;177.9868652;751.4766047;2.799067659;67.99972411;2331.584555;openarea
TEC501;20150909;64.25716744;395.8356522;1069.231881;4.114650884;66.86513952;1756.732446;openarea
TEC502;20150916;1759.84465;111.4413954;228.3579547;3.772982745;67.09772214;798.9390532;openarea
TEC503;20150917;1112.221163;298.6492616;442.4728372;3.822444896;67.16107487;3394.919544;openarea
TEC504;20150913;531.9163918;608.0616477;478.3286289;4.310400364;66.85256767;3967.633579;openarea
TEC505;20150925;143.3433947;693.0513029;615.0219652;2.744676913;67.72851487;2427.3665;openarea
TEC506;20150927;365.1862978;486.7353558;559.7901895;2.624208683;68.00455427;2805.552686;openarea
TEC507;20150928;467.1930714;294.1478451;465.7945492;2.681000543;67.91845764;4710.210257;openarea
TEC508;20151004;282.0082807;132.6777605;334.2096835;2.999594399;68.26480483;840.6579964;openarea
